SensorName	Paper Name	Relevance	Authors	University / Lab	Publication Year	Publication Venue	Link	Cited	Bibtex	Technology	Sensor Type Introduced	Comercial?	Geometry	No. Sensors	Rubber (if applicable)	Chip	Additional Notes	22
Digit 360	Digitizing Touch with an Artificial Multimodal Fingertip	4	Mike Lambeta1, Tingfan Wu1, Ali Sengül1, Victoria Rose Most1, Nolan Black1, Kevin Sawyer1, Romeo Mercado1, Haozhi Qi1,4, Alexander Sohn1, Byron Taylor1, Norb Tydingco1, Gregg Kammerer1, Dave Stroud1, Jake Khatha1, Kurt Jenkins1, Kyle Most1, Neal Stein1, Ricardo Chavira1, Thomas Craven-Bartle1, Eric Sanchez1, Yitian Ding1, Jitendra Malik1, Roberto Calandra1,2,3		2024		https://arxiv.org/abs/2411.02479	TRUE	@article{lambeta2024digitizing,   title={Digitizing touch with an artificial multimodal fingertip},   author={Lambeta, Mike and Wu, Tingfan and Sengul, Ali and Most, Victoria Rose and Black, Nolan and Sawyer, Kevin and Mercado, Romeo and Qi, Haozhi and Sohn, Alexander and Taylor, Byron and others},   journal={arXiv preprint arXiv:2411.02479},   year={2024} }	Visual	Visual	TRUE					camera operates at 240Hz(!) (pg 8)	
(ICL Sensor)	Location and Orientation Super-Resolution Sensing With a Cost-Efficient and Repairable Barometric Tactile Sensor		Jian Hou; Xin Zhou; Adam Spiers		2024		https://ieeexplore.ieee.org/stamp/stamp.jsp?tp=&arnumber=10770605	FALSE	@article{hou2024location,   title={Location and Orientation Super-Resolution Sensing With a Cost-Efficient and Repairable Barometric Tactile Sensor},   author={Hou, Jian and Zhou, Xin and Spiers, Adam J},   journal={IEEE Transactions on Robotics},   year={2024},   publisher={IEEE} }	Barometric	Barometric	FALSE						1
	Enhanced Force Estimation and Autonomous Force Tuning through Fusion of Tactile Sensor and Quasi-Direct Drive Gripper		Thomas De Clercq; Frederik Ostyn; Guillaume Crevecoeur	Guillaume Crevecoeur	2024		https://ieeexplore.ieee.org/stamp/stamp.jsp?arnumber=10771630	FALSE	@article{de2024enhanced,   title={Enhanced Force Estimation and Autonomous Force Tuning through Fusion of Tactile Sensor and Quasi-Direct Drive Gripper},   author={De Clercq, Thomas and Ostyn, Frederik and Crevecoeur, Guillaume},   journal={IEEE Sensors Journal},   year={2024},   publisher={IEEE} }	Barometric	No New Sensor	FALSE	Flat				Quasi Direct Drive with Tactile Sensor	
	Soft Barometric Tactile Sensor Utilizing Iterative Pressure Reconstruction	8	Thomas de Clercq; Anatolii Sianov; Frederik Ostyn; Guillaume Crevecoeur	Guillaume Crevecoeur	2024	IEEE Access	https://ieeexplore.ieee.org/abstract/document/10621005	FALSE	@article{de2024soft,   title={Soft barometric tactile sensor utilizing iterative pressure reconstruction},   author={De Clercq, Thomas and Sianov, Anatolii and Ostyn, Frederik and Crevecoeur, Guillaume},   journal={IEEE Access},   year={2024},   publisher={IEEE} }	Barometric	Barometric	FALSE	4x8 grid	4*8		MS5840	Referenced by previous paper	1
	Integrated Barometric Pressure Sensors on Legged Robots for Enhanced Tactile Exploration of Edges	3	Thijs Van Hauwermeiren; Anatolii Sianov; Annelies Coene; Guillaume Crevecoeur	Guillaume Crevecoeur	2024	RAL	https://ieeexplore.ieee.org/abstract/document/10538409	FALSE	@article{van2024integrated,   title={Integrated Barometric Pressure Sensors on Legged Robots for Enhanced Tactile Exploration of Edges},   author={Van Hauwermeiren, Thijs and Sianov, Anatolii and Coene, Annelies and Crevecoeur, Guillaume},   journal={IEEE Robotics and Automation Letters},   year={2024},   publisher={IEEE} }	Barometric	Barometric	FALSE	Spherical					1
	Fully 3D printable Robot Hand and Soft Tactile Sensor based on Air-pressure and Capacitive Proximity Sensing	4	Sean Taylor; Kyungseo Park; Sankalp Yamsani; Joohyung Kim	Joohyung Kim KIMLAB (Kinetic Intelligent Machine LAB) at the University of Illinois Urbana-Champaign, Urbana, IL, USA	2024	ICRA	https://ieeexplore.ieee.org/document/10610731	FALSE	@inproceedings{taylor2024fully,   title={Fully 3D printable Robot Hand and Soft Tactile Sensor based on Air-pressure and Capacitive Proximity Sensing},   author={Taylor, Sean and Park, Kyungseo and Yamsani, Sankalp and Kim, Joohyung},   booktitle={2024 IEEE International Conference on Robotics and Automation (ICRA)},   pages={18100--18105},   year={2024},   organization={IEEE} }	Capacitive	Capacitive	FALSE					3D printed tactile sensing system	
---	Design, Characterization, and Modeling of Barometric Tactile Sensors for Underwater Applications		Aiden Shaevitz1, Matthew L. Johnston1, Joseph R. Davidson		2023	RoboSoft	https://ieeexplore.ieee.org/document/10121983	FALSE	@inproceedings{shaevitz2023design,   title={Design, characterization, and modeling of barometric tactile sensors for underwater applications},   author={Shaevitz, Aiden and Johnston, Matthew L and Davidson, Joseph R},   booktitle={2023 IEEE International Conference on Soft Robotics (RoboSoft)},   pages={1--6},   year={2023},   organization={IEEE} }	Barometric	Barometric	FALSE						1
	Design of a Multimodal Fingertip Sensor for Dynamic Manipulation		Andrew SaLoutos, Elijah Stanger-Jones, Menglong Guo, Hongmin Kim, Sangbae Kim		2023	ICRA	https://arxiv.org/abs/2209.11368	FALSE	@inproceedings{saloutos2023design,   title={Design of a multimodal fingertip sensor for dynamic manipulation},   author={SaLoutos, Andrew and Stanger-Jones, Elijah and Guo, Menglong and Kim, Hongmin and Kim, Sangbae},   booktitle={2023 IEEE International Conference on Robotics and Automation (ICRA)},   pages={8017--8024},   year={2023},   organization={IEEE} }	Barometric	Barometric	FALSE						1
	Barometric Soft Tactile Sensor for Depth Independent Contact Localization	2	Leone Costi; Fumiya Iida		2023	ROBIO	https://ieeexplore.ieee.org/document/10354941	FALSE	@inproceedings{costi2023barometric,   title={Barometric Soft Tactile Sensor for Depth Independent Contact Localization},   author={Costi, Leone and Iida, Fumiya},   booktitle={2023 IEEE International Conference on Robotics and Biomimetics (ROBIO)},   pages={1--6},   year={2023},   organization={IEEE} }	Barometric	Barometric	FALSE	Hollow tubes running lengthwise with barometers at the end					1
	Experimental Characterization on Slip Detectability of Barometer-Based Tactile Sensor	5	Gyuwon Kim; Donghyun Hwang	Donghyun Hwang	2023	IEEE Sensors Journal	https://ieeexplore.ieee.org/document/10201409	FALSE	@article{kim2023experimental, title={Experimental Characterization on Slip Detectability of Barometer-Based Tactile Sensor}, author={Kim, Gyuwon and Hwang, Donghyun}, journal={IEEE Sensors Journal}, year={2023}, publisher={IEEE} }	Barometric	Barometric	FALSE	Flat single sensor		Vytaflex 20	MPL115A2	Split detection with single barometer	1
	Minsight: a fingertip-sized vision-based tactile sensor for robotic manipulation		Iris Andrussow* Huanbo Sun Katherine J. Kuchenbecker Georg Martius*		2023		https://arxiv.org/abs/2304.10990	FALSE	@article{andrussow2023minsight,   title={Minsight: A Fingertip-Sized Vision-Based Tactile Sensor for Robotic Manipulation},   author={Andrussow, Iris and Sun, Huanbo and Kuchenbecker, Katherine J and Martius, Georg},   journal={Advanced Intelligent Systems},   volume={5},   number={8},   pages={2300042},   year={2023},   publisher={Wiley Online Library} }	Visual	Visual	FALSE						
	Multimodal Barometric and Inertial Measurement Unit-Based Tactile Sensor for Robot Control	6	Gorkem Anil Al; Uriel Martinez-Hernandez		2023		https://ieeexplore.ieee.org/search/searchresult.jsp?queryText=barometric%20tactile%20sensing&highlight=true&returnFacets=ALL&returnType=SEARCH&matchPubs=true&sortType=newest#:~:text=Multimodal%20Barometric%20and%20Inertial%20Measurement%20Unit%2DBased%20Tactile%20Sensor%20for%20Robot%20Control	FALSE	@article{al2022multimodal, title={Multimodal barometric and inertial measurement unit-based tactile sensor for robot control}, author={Al, Gorkem Anil and Martinez-Hernandez, Uriel}, journal={IEEE Sensors Journal}, volume={23}, number={3}, pages={1962--1971}, year={2022}, publisher={IEEE} }	Barometric	Barometric	FALSE	Flat wtih imu, CNN based architecture		Ecoflex 00-30, also tested Vytaflex 20	ICM-20789	Uses CNN for regression, combines gyro, accel, and pressure	1
	Design of a Multimodal Fingertip Sensor for Dynamic Manipulation	8	Andrew SaLoutos, Elijah Stanger-Jones, Menglong Guo, Hongmin Kim, Sangbae Kim	Sangbae	2023	ICRA	https://arxiv.org/abs/2209.11368	FALSE	@inproceedings{saloutos2023design,   title={Design of a multimodal fingertip sensor for dynamic manipulation},   author={SaLoutos, Andrew and Stanger-Jones, Elijah and Guo, Menglong and Kim, Hongmin and Kim, Sangbae},   booktitle={2023 IEEE International Conference on Robotics and Automation (ICRA)},   pages={8017--8024},   year={2023},   organization={IEEE} }	Barometric	Barometric	FALSE						1
	Modified Nonlinear Hysteresis Approach for a Tactile Sensor	2	Gasak Abdul-Hussain *, William Holderbaum, Theodoros Theodoridis and Guowu Wei		2023	Sensors	https://www.mdpi.com/1424-8220/23/16/7293#B12-sensors-23-07293	FALSE			No New Sensor	FALSE					Kinda sus paper, They talk about a "Backpropagating NN" --> This seems identical to a normal nn	
	Evaluating the Viscoelastic Behavior of Elastomers Using a Piezoelectric Tactile Sensor and an Optimization Approach	3	Abdallah M. Elsahy; Victor Parque; Abdelhady M. Esmaeel; Mohsen A. Hassan; Ahmed M. R. Fath El-Bab		2023	2023 62nd Annual Conference of the Society of Instrument and Control Engineers (SICE)	https://ieeexplore.ieee.org/document/10354226	FALSE			No New Sensor	FALSE					How to charactarize hysteresis in viscoelastic materials	
ReSkin	ReSkin: versatile, replaceable, lasting tactile skins		Raunaq Bhirangi∗, Tess Hellebrekers∗, Carmel Majidi, Abhinav Gupta		2022	CoRL	https://arxiv.org/pdf/2111.00071	FALSE	@inproceedings{bhirangi2021reskin,   title={Reskin: versatile, replaceable, lasting tactile skins},   author={Bhirangi, Raunaq and Hellebrekers, Tess and Majidi, Carmel and Gupta, Abhinav},   booktitle={5th Annual Conference on Robot Learning},   year={2021} }	Magnetic	Magnetic	TRUE						
BaroTac	BaroTac: Barometric Three-Axis Tactile Sensor with Slip Detection Capability		Gyuwon Kim, Donghyun Hwang 		2022	Sensors	https://www.mdpi.com/1424-8220/23/1/428	TRUE	@article{kim2022barotac, title={BaroTac: Barometric three-axis tactile sensor with slip detection capability}, author={Kim, Gyuwon and Hwang, Donghyun}, journal={Sensors}, volume={23}, number={1}, pages={428}, year={2022}, publisher={MDPI} }	Barometric	Barometric	FALSE	Dome shaped but three pressure sensors	3	VytaFlex 20	BMP 384	Their plastic part "prevents stimuli coming from unexpected directions."  The structure of the paper is really nice, there is some motivation, clear analysis of materials, actual design, analysis, then applications.	1
PapillArray	In-Hand Gravitational Pivoting Using Tactile Sensing	8	Jason Toskov, Rhys Newbury, Mustafa Mukadam, Dana Kulić, Akansel Cosgun		2022		https://arxiv.org/abs/2210.05068	FALSE		Visual	No New Sensor	TRUE	PapillArray				Uses a LSTM model to estimate object pose	
---	A Soft Barometric Tactile Sensor to Simultaneously Localize Contact and Estimate Normal Force With Validation to Detect Slip in a Robotic Gripper		Thomas De Clercq; Anatolii Sianov; Guillaume Crevecoeur		2022	RAL	https://ieeexplore.ieee.org/document/9887876	FALSE	@article{de2022soft,   title={A soft barometric tactile sensor to simultaneously localize contact and estimate normal force with validation to detect slip in a robotic gripper},   author={De Clercq, Thomas and Sianov, Anatolii and Crevecoeur, Guillaume},   journal={IEEE Robotics and Automation Letters},   volume={7},   number={4},   pages={11767--11774},   year={2022},   publisher={IEEE} }	Barometric	Barometric	FALSE						1
Takktile	Learning to Detect Slip with Barometric Tactile Sensors and a Temporal Convolutional Neural Network		Abhinav Grover∗, Philippe Nadeau∗, Christopher Grebe, and Jonathan Kelly		2022	ICRA	https://arxiv.org/pdf/2202.09549	FALSE	@inproceedings{grover2022learning,   title={Learning to detect slip with barometric tactile sensors and a temporal convolutional neural network},   author={Grover, Abhinav and Nadeau, Philippe and Grebe, Christopher and Kelly, Jonathan},   booktitle={2022 International Conference on Robotics and Automation (ICRA)},   pages={570--576},   year={2022},   organization={IEEE} }	Barometric	No New Sensor	FALSE	TakkTile (3x2 array)	6			Slip detection	
	A Highly Adaptive Robotic Gripper Palm with Tactile Sensing	1	Yunquan Li; Ren Tao; Yingtian Li; Yang Yang; Jianshu Zhou; Yonghua Chen		2022		https://ieeexplore.ieee.org/document/9872269/	FALSE	@inproceedings{li2022highly,   title={A highly adaptive robotic gripper palm with tactile sensing},   author={Li, Yunquan and Tao, Ren and Li, Yingtian and Yang, Yang and Zhou, Jianshu and Chen, Yonghua},   booktitle={2022 IEEE International Conference on Real-time Computing and Robotics (RCAR)},   pages={130--135},   year={2022},   organization={IEEE} }	Misc	Misc	FALSE	Gripper...					
	Fast Reflexive Grasping with a Proprioceptive Teleoperation Platform		Andrew SaLoutos, Elijah Stanger-Jones, Sangbae Kim	Sangbae	2022	IROS	https://arxiv.org/abs/2208.04487	FALSE	@inproceedings{saloutos2022fast,   title={Fast reflexive grasping with a proprioceptive teleoperation platform},   author={SaLoutos, Andrew and Stanger--Jones, Elijah and Kim, Sangbae},   booktitle={2022 IEEE/RSJ International Conference on Intelligent Robots and Systems (IROS)},   pages={6213--6220},   year={2022},   organization={IEEE} }	Barometric	No New Sensor	FALSE						
Takktile	Learning to Detect Slip with Barometric Tactile Sensors and a Temporal Convolutional Neural Network	6	Abhinav Grover; Philippe Nadeau; Christopher Grebe; Jonathan Kelly		2022	ICRA	https://ieeexplore.ieee.org/abstract/document/9811592	FALSE	@inproceedings{grover2022learning,   title={Learning to detect slip with barometric tactile sensors and a temporal convolutional neural network},   author={Grover, Abhinav and Nadeau, Philippe and Grebe, Christopher and Kelly, Jonathan},   booktitle={2022 International Conference on Robotics and Automation (ICRA)},   pages={570--576},   year={2022},   organization={IEEE} }	Barometric	No New Sensor	FALSE					TCN for slip detection	
	Design and Characterisation of a Soft Barometric Sensing Skin for Robotic Manipulation	2	Kieran Gilday, Louis Relandeau and Fumiya Iida		2022	IROS	https://ieeexplore.ieee.org/search/searchresult.jsp?queryText=barometric%20tactile%20sensing&highlight=true&returnFacets=ALL&returnType=SEARCH&matchPubs=true&sortType=newest#:~:text=Design%20and%20Characterisation%20of%20a%20Soft%20Barometric%20Sensing%20Skin%20for%20Robotic%20Manipulation	FALSE	@inproceedings{gilday2022design,   title={Design and characterisation of a soft barometric sensing skin for robotic manipulation},   author={Gilday, Kieran and Relandeau, Louis and Iida, Fumiya},   booktitle={2022 IEEE/RSJ International Conference on Intelligent Robots and Systems (IROS)},   pages={10021--10028},   year={2022},   organization={IEEE} }	Misc	Misc	FALSE	Tubes					
	Multimodal Proximity and Visuotactile Sensing With a Selectively Transmissive Soft Membrane	5	Jessica Yin; Gregory M. Campbell; James Pikul; Mark Yim		2022	RoboSoft	https://ieeexplore.ieee.org/document/9762091/	FALSE	@inproceedings{yin2022multimodal,   title={Multimodal proximity and visuotactile sensing with a selectively transmissive soft membrane},   author={Yin, Jessica and Campbell, Gregory M and Pikul, James and Yim, Mark},   booktitle={2022 IEEE 5th International Conference on Soft Robotics (RoboSoft)},   pages={802--808},   year={2022},   organization={IEEE} }	Visual	No New Sensor	FALSE						
	Sensor Embedded Soft Fingertip for Precise Manipulation and Softness Recognition		Xiaolong Ma; Yangqing Ye; Hailiang Meng; Wenbiao Wang; Weidong Wang; Guanjun Bao		2021	RAL	https://ieeexplore.ieee.org/document/9551708	FALSE		Misc	Misc	FALSE						
TacTip	Soft Biomimetic Optical Tactile Sensing with the TacTip: A Review		Nathan F. Lepora		2021		https://arxiv.org/pdf/2105.14455	FALSE		Visual	Visual	FALSE						
Review	A Review of Tactile Information: Perception and Action Through Touch	8	Qiang Li, Oliver Kroemer, Zhe Su, Filipe Veiga, Mohsen Kaboli, IEEE Senior, and Helge Ritter		2021	T-RO	https://www.ri.cmu.edu/app/uploads/2021/08/LiTRo2020.pdf	FALSE		Multiple	No New Sensor	FALSE						
Takktile	Learning to Detect Slip Using Barometric Tactile Sensors	6	Abhinav Grover		2021	Thesis	https://www.proquest.com/docview/2610934840?pq-origsite=gscholar&fromopenview=true&sourcetype=Dissertations%20&%20Theses	FALSE		Barometric	No New Sensor	FALSE					Detecting slip using RNN	
	Design and Prototyping Soft Fingers for a Hand Prosthesis with the Aim of Predicting the Gripping Force Using LSTM	4	Atusa Ghorbani Siavashani; Aghil Yousefi-Koma; Amirhosein Vedadi		2021	ICROM	https://ieeexplore.ieee.org/abstract/document/9663517	FALSE		Misc	Misc	FALSE					sensors for prosthesis with lstm	
	Recurrent-Neural-Network-Based Rate-Dependent Hysteresis Modeling and Feedforward Torque Control of the Magnetorheological Clutch	2	Guangzeng Chen; Yunjiang Lou		2021	IEEE/ASME Transactions on Mechatronics	https://ieeexplore.ieee.org/document/9607018	FALSE		Misc	Misc	FALSE					Modeling hysteresis of a clutch with RNN (application of RNN to hysteresis,just not sensor)	
	Bi-Modal Hemispherical Sensors for Dynamic Locomotion and Manipulation	8	Lindsay Epstein; Andrew SaLoutos; Donghyun Kim; Sangbae Kim	Sangbae	2020	IROS	https://ieeexplore.ieee.org/abstract/document/9341543	FALSE	@inproceedings{epstein2020bi,   title={Bi-modal hemispherical sensors for dynamic locomotion and manipulation},   author={Epstein, Lindsay and SaLoutos, Andrew and Kim, Donghyun and Kim, Sangbae},   booktitle={2020 IEEE/RSJ International Conference on Intelligent Robots and Systems (IROS)},   pages={7381--7381},   year={2020},   organization={IEEE} }	Barometric	Barometric	FALSE				BMP388, MPXH6400A	We inherit a large amount from this sensor	1
	Dynamically Reconfigurable Tactile Sensor for Robotic Manipulation		Tae Myung Huh , Hojung Choi, Simone Willcox, Stephanie Moon, and Mark R. Cutkosky	Cutkosky	2020		https://ieeexplore.ieee.org/document/8990001	FALSE	@article{huh2020dynamically,   title={Dynamically reconfigurable tactile sensor for robotic manipulation},   author={Huh, Tae Myung and Choi, Hojung and Willcox, Simone and Moon, Stephanie and Cutkosky, Mark R},   journal={IEEE Robotics and Automation Letters},   volume={5},   number={2},   pages={2562--2569},   year={2020},   publisher={IEEE} }	Capacitive	Capacitive	FALSE						
Digit 	DIGIT: A Novel Design for a Low-Cost Compact High-Resolution Tactile Sensor with Application to In-Hand Manipulation	4	Mike Lambeta, Po-Wei Chou, Stephen Tian, Brian Yang, Benjamin Maloon, Victoria Rose Most, Dave Stroud, Raymond Santos, Ahmad Byagowi, Gregg Kammerer, Dinesh Jayaraman, Roberto Calandra		2020		https://arxiv.org/abs/2005.14679	FALSE	@article{lambeta2020digit,   title={Digit: A novel design for a low-cost compact high-resolution tactile sensor with application to in-hand manipulation},   author={Lambeta, Mike and Chou, Po-Wei and Tian, Stephen and Yang, Brian and Maloon, Benjamin and Most, Victoria Rose and Stroud, Dave and Santos, Raymond and Byagowi, Ahmad and Kammerer, Gregg and others},   journal={IEEE Robotics and Automation Letters},   volume={5},   number={3},   pages={3838--3845},   year={2020},   publisher={IEEE} }	Visual	Visual	TRUE						
	Barometer-based Tactile Skin for Anthropomorphic Robot Hand	10	Risto Kõiva; Tobias Schwank; Guillaume Walck; Martin Meier; Robert Haschke; Helge Ritter		2020	IROS	https://ieeexplore.ieee.org/document/9341691	FALSE	@inproceedings{koiva2020barometer,   title={Barometer-based tactile skin for anthropomorphic robot hand},   author={K{\~o}iva, Risto and Schwank, Tobias and Walck, Guillaume and Meier, Martin and Haschke, Robert and Ritter, Helge},   booktitle={2020 IEEE/RSJ International Conference on Intelligent Robots and Systems (IROS)},   pages={9821--9826},   year={2020},   organization={IEEE} }	Barometric	Barometric	FALSE			Silicone (SF13)	BMP388	They drilled out the cap then reinstalled it...  They also argue that the hysteresis is caused by the air bubble	1
takktile	Self-supervised learning of object slippage: An LSTM model trained on low-cost tactile sensors	6	Ainur Begalinova; Ross D. King; Barry Lennox; Riza Batista-Navarro		2020	IRC	https://ieeexplore.ieee.org/abstract/document/9287944	FALSE		Barometric	No New Sensor	FALSE					LSTM Slip detection	
	Recent progress in tactile sensing and sensors for robotic manipulation: can we turn tactile sensing into vision?	6	Akihiko Yamaguchi and Christopher G. Atkeson	Christopher G. Atkeson	2019	Advanced Robotics	https://www.tandfonline.com/doi/epub/10.1080/01691864.2019.1632222?needAccess=true	FALSE	@article{yamaguchi2019recent,   title={Recent progress in tactile sensing and sensors for robotic manipulation: can we turn tactile sensing into vision?},   author={Yamaguchi, Akihiko and Atkeson, Christopher G},   journal={Advanced Robotics},   volume={33},   number={14},   pages={661--673},   year={2019},   publisher={Taylor \& Francis} }	Multiple	No New Sensor	FALSE						
	High-Speed High-Precision Proximity Sensor for Detection of Tilt, Distance, and Contact		Keisuke Koyama , Makoto Shimojo, Taku Senoo , and Masatoshi Ishikawa		2018			FALSE		Magic	Magic	FALSE					analog system	
	prosthetic manipulation – design and prototype validation	2	Heba Khamis a,∗, Raquel Izquierdo Albero a,b , Matteo Salerno a,c , Ahmad Shah Idil a , Andrew Loizou a , Stephen J. Redmond a		2018	Sensors and Actuators	https://pdf.sciencedirectassets.com/271352/1-s2.0-S0924424717X00162/1-s2.0-S0924424717313419/main.pdf?X-Amz-Security-Token=IQoJb3JpZ2luX2VjECkaCXVzLWVhc3QtMSJGMEQCICq3Mq0ps6c%2BlThh9Zvr8K7Baf7t%2B26Hn9kVkbWrWsV9AiBNIskhLQ0JWSz0gBA23MAxMYAlCrq92kVValgYRldJZSqzBQghEAUaDDA1OTAwMzU0Njg2NSIMEBXPXqDOUvCINRh0KpAFC%2BJ2yUiJxm3NNhqL4uNL8FtYj63PaFiaJ%2FzGQasDe1pNBHq5mAgrvIxB3Km3UtJ3%2Fv%2FkuV87Wk7zdjsYL%2BezOuFirNWOGPZW3np4n%2BJoy6Sf3Y%2FFlFTxeAALjNFvAfX%2B%2FKdCBLiUIoZTdWraUN2NGK8VfOSQ4ZLTppyHaVHpUrXSSN1J6w9LyX3tcHvouNgsrsz2qZakkrSWWq7m0JiaYLHZcTpsPGK043VXol%2F71Y6t2phxCGpBk0y1BEcA1sr6sstISqO%2BAyFdvCATJoPTw8xSQQFdly9mJzhAIUbXfHZps9cy46PHf5ecXg2FTQ9ZeR3meuORzYGSwqHW0hh69STxppbkaL2QfY2N5IZ4eaiIJJYUUXa%2BxA38Qy3SinwiTAZSPGojk1rC36pnLW7Io7bqqH18Ze0qqoth1iVzsAFfZxC9MXVD%2F0nQKuDnD3My%2FaQNDgMMbGuThsliHQlMSS1LnsoiD66bmHIKoDh2zI%2FKroQXAk637ibd1dRYfjEsUHtfX28FUQmfgcnk0BkMRJ0fDnL0R%2B03z3b5IBMQivnHDLz4tZRDuUc4JvFj97inZB6EbGs%2FgZ8YD0eM%2FggqknG6Eq52BQeKWzbGX7LoiDQwEkFDPXTZss0mA918R3GA9SAXBiCZzCTI1gH1Qc1v7HjmZK%2BZLxFBMPk%2Bw9MvCof8LTOJujIzai2hnXV473%2FiwOiY966%2BeDlUQVYqXu%2FJzl40GFKZnEKd93c1DQGSFQpFYB%2BMf9oDLTa7QZ9UTpwMTjz7pU5Lu%2FNwfKWnjGL5TV1Ex3ThWdXxedUsYVJXb8AbuCxh2mmNjKlq1LeE1yq%2FQ3OVSqBl%2BTD57nNARARr0PECDRSiF5v1ecKr5pp6DSsw6%2FibvAY6sgFnYSsd%2BMNYSjFO0m5XbVllYa6B5M3zSUX1iJQkI8MGmcmJ5HzInkV1wqxI6MIOpMdBv0ChaulkdXdRFbwN6NS%2BJu7nFA%2Bq6n2R0F9Itv8%2BTrJkKnLZMTopm70rUSQ0ZNWcaD95MED7%2FM2nAqPX0CNrYRAgPvAqhVJA%2BiA2mRTSbEUDs0LjLENVAXwWCghcJIlGftKj%2BBI5QZbVfBf1jIlHG3nh%2Bqc4TmF%2FjsfuBNcew6DF&X-Amz-Algorithm=AWS4-HMAC-SHA256&X-Amz-Date=20250115T010225Z&X-Amz-SignedHeaders=host&X-Amz-Expires=299&X-Amz-Credential=ASIAQ3PHCVTYXBF7H7HM%2F20250115%2Fus-east-1%2Fs3%2Faws4_request&X-Amz-Signature=5170dd417c93b627494d9330a0ddd4b745ae8b1ab4e1e4b8be8bdbf6a42f23ab&hash=bf43f6a74fbe10b85d87d676389adb6e71731c705e88a4c3cb1e2f1ab837c5f7&host=68042c943591013ac2b2430a89b270f6af2c76d8dfd086a07176afe7c76c2c61&pii=S0924424717313419&tid=spdf-6b10d88a-7176-4191-9754-abda0e0e9893&sid=9c25c2be87abb94cb859b748230f658dd0a1gxrqa&type=client&tsoh=d3d3LnNjaWVuY2VkaXJlY3QuY29t&ua=13155c5f5c5402560754&rr=9021f0b098709062&cc=us&kca=eyJrZXkiOiJpQ3BKeUlZRlF2RXlpU0FZMkF4b1dzN0ZQZnVVRnVYV0Y3Yk5PN2pMckdkT3k4bzFuRHMzRndnS3BrYks2NjBQN3NWMW1WMGRueWxqL0gxM2JxNndnSkZlNm9nWUJTdmVFNWVtZWNwZWhHWlNyUm5zTzh6cEVQb0s4MlVhNXJvUlJ0MGJPRUNUNTQxK2UvbE9NMHJmMTNROUlRWFBWRDZkRGJlUlg1Z1hRT200TFE9PSIsIml2IjoiODcxMWI1M2I1YTM4ZmJiMzM1MTY3NGI3NjJjOTI0ODIifQ==_1736902949538	FALSE	@article{khamis2018papillarray,   title={PapillArray: An incipient slip sensor for dexterous robotic or prosthetic manipulation--design and prototype validation},   author={Khamis, Heba and Albero, Raquel Izquierdo and Salerno, Matteo and Idil, Ahmad Shah and Loizou, Andrew and Redmond, Stephen J},   journal={Sensors and Actuators A: Physical},   volume={270},   pages={195--204},   year={2018},   publisher={Elsevier} }	Visual	Visual	FALSE						
	Towards a Soft Fingertip with Integrated Sensing and Actuation				2018		https://ieeexplore.ieee.org/document/8594032/	FALSE		Visual	Visual	FALSE						
	Bi-Modal Hemispherical Sensor: A Unifying Solution for Three Axis Force and Contact Angle Measurement	6	Meng Yee Michael Chuah; Lindsay Epstein; Donghyun Kim; Juan Romero; Sangbae Kim	Sangbae	2019	IROS	https://ieeexplore.ieee.org/abstract/document/8967878	FALSE	@inproceedings{chuah2019bi,   title={Bi-modal hemispherical sensor: A unifying solution for three axis force and contact angle measurement},   author={Chuah, Meng Yee Michael and Epstein, Lindsay and Kim, Donghyun and Romero, Juan and Kim, Sangbae},   booktitle={2019 IEEE/RSJ International Conference on Intelligent Robots and Systems (IROS)},   pages={7968--7975},   year={2019},   organization={IEEE} }	Barometric	Barometric	FALSE						
	Data-Driven Super-Resolution on a Tactile Dome	8	Pedro Piacenza; Sydney Sherman; Matei Ciocarlie	Columbia	2018	RAL	https://ieeexplore.ieee.org/document/8276589	FALSE	@article{piacenza2018data,   title={Data-driven super-resolution on a tactile dome},   author={Piacenza, Pedro and Sherman, Sydney and Ciocarlie, Matei},   journal={IEEE Robotics and Automation Letters},   volume={3},   number={3},   pages={1434--1441},   year={2018},   publisher={IEEE} }	Barometric	Barometric	FALSE	Dome	5	Vytaflex 20	Takktile pressure ensors	Similar to our old sensors, talks a lot about promoting cross talk to enable superresolution.	1
Fignervision	FingerVision Tactile Sensor Design and Slip Detection Using Convolutional LSTM Network	5	Yazhan Zhang, Zicheng Kan, Yu Alexander Tse, Yang Yang, Michael Yu Wang		2018	Arxiv	https://www.fingervision.jp/en, https://arxiv.org/pdf/1810.02653	FALSE	@article{zhang2018fingervision,   title={Fingervision tactile sensor design and slip detection using convolutional lstm network},   author={Zhang, Yazhan and Kan, Zicheng and Tse, Yu Alexander and Yang, Yang and Wang, Michael Yu},   journal={arXiv preprint arXiv:1810.02653},   year={2018} }	Visual	Visual	TRUE					Transparent visual tactile	
	A MEMS slip sensor: Estimations of triaxial force and coefficient of static friction for prediction of a slip	4	Taiyu Okatani; Akihito Nakai; Tomoyuki Takahata; Isao Shimoyama		2017		https://ieeexplore.ieee.org/abstract/document/7993991	FALSE		Misc	Misc	FALSE					pure mems system	
Takktile derivative	Robust and Inexpensive Six-Axis Force–Torque Sensors Using MEMS Barometers	6	Jacob W. Guggenheim; Leif P. Jentoft; Yaroslav Tenzer; Robert D. Howe	Howe	2017	IEEE/ASME Transactions on Mechatronics	https://ieeexplore.ieee.org/abstract/document/7835675	FALSE	@article{guggenheim2017robust,   title={Robust and inexpensive six-axis force--torque sensors using MEMS barometers},   author={Guggenheim, Jacob W and Jentoft, Leif P and Tenzer, Yaroslav and Howe, Robert D},   journal={IEEE/ASME Transactions on Mechatronics},   volume={22},   number={2},   pages={838--844},   year={2017},   publisher={IEEE} }	Barometric	Barometric	FALSE					making a FT sensor from barometers, no mention of hysteresis	1
Gelsight	GelSight: High-Resolution Robot Tactile Sensors for Estimating Geometry and Force	6	Wenzhen Yuan, Siyuan Dong and Edward H. Adelson	Adelson	2017	Sensors	https://www.mdpi.com/1424-8220/17/12/2762	FALSE	@article{yuan2017gelsight,   title={Gelsight: High-resolution robot tactile sensors for estimating geometry and force},   author={Yuan, Wenzhen and Dong, Siyuan and Adelson, Edward H},   journal={Sensors},   volume={17},   number={12},   pages={2762},   year={2017},   publisher={MDPI} }	Visual	Visual	FALSE					First visual	1
	Single-Grasp Object Classification and Feature Extraction with Simple Robot Hands and Tactile Sensors	5	Adam J. Spiers; Minas V. Liarokapis; Berk Calli; Aaron M. Dollar		2016	Dollar and Ad	https://ieeexplore.ieee.org/document/7390277	FALSE	@article{spiers2016single,   title={Single-grasp object classification and feature extraction with simple robot hands and tactile sensors},   author={Spiers, Adam J and Liarokapis, Minas V and Calli, Berk and Dollar, Aaron M},   journal={IEEE transactions on haptics},   volume={9},   number={2},   pages={207--220},   year={2016},   publisher={IEEE} }	Barometric	Barometric	FALSE					Old Ad paper, 1d array	1
Uses Biotak	Force estimation and slip detection/classification for grip control using a biomimetic tactile sensor		Zhe Su; Karol Hausman; Yevgen Chebotar; Artem Molchanov; Gerald E. Loeb; Gaurav S. Sukhatme		2015		https://ieeexplore.ieee.org/abstract/document/7363558	FALSE		Electrical(?)	No New Sensor	FALSE						
Uses TakkTile	Angled sensor configuration capable of measuring tri-axial forces for pHRI	4	Christian Reeks; Marc G. Carmichael; Dikai Liu; Kenneth J. Waldron		2016	ICRA	https://ieeexplore.ieee.org/abstract/document/7487475	FALSE	@inproceedings{reeks2016angled,   title={Angled sensor configuration capable of measuring tri-axial forces for pHRI},   author={Reeks, Christian and Carmichael, Marc G and Liu, Dikai and Waldron, Kenneth J},   booktitle={2016 IEEE International Conference on Robotics and Automation (ICRA)},   pages={3089--3094},   year={2016},   organization={IEEE} }	Barometric	Barometric	FALSE					Configuration of TakkTile	
	Improved normal and shear tactile force sensor performance via Least Squares Artificial Neural Network (LSANN)	6	Meng Yee Chuah; Sangbae Kim	Sangbae	2016	ICRA	https://ieeexplore.ieee.org/document/7487123	FALSE	@inproceedings{chuah2016improved,   title={Improved normal and shear tactile force sensor performance via least squares artificial neural network (lsann)},   author={Chuah, Meng Yee and Kim, Sangbae},   booktitle={2016 IEEE International Conference on Robotics and Automation (ICRA)},   pages={116--122},   year={2016},   organization={IEEE} }	Barometric	Barometric	FALSE					New network for sensor evaluation	
	Compensation for tactile hysteresis using Gaussian process with sensory Markov property	3	Takato Horii; Yukie Nagai; Lorenzo Natale; Francesco Giovannini; Giorgio Metta; Minoru Asada		2014	IEEE-RAS International Conference on Humanoid Robots	https://ieeexplore.ieee.org/document/7041484	FALSE		Misc	Misc	FALSE						
	The Feel of MEMS Barometers: Inexpensive and Easily Customized Tactile Array Sensors	8	Yaroslav Tenzer; Leif P. Jentoft; Robert D. Howe		2014		https://ieeexplore.ieee.org/document/6877681/	TRUE	@article{tenzer2014feel,   title={The feel of MEMS barometers: Inexpensive and easily customized tactile array sensors},   author={Tenzer, Yaroslav and Jentoft, Leif P and Howe, Robert D},   journal={IEEE Robotics \& Automation Magazine},   volume={21},   number={3},   pages={89--95},   year={2014},   publisher={IEEE} }	Barometric	Barometric	FALSE	Many				Introduction to using mems barometers	1
	Enabling Force Sensing During Ground Locomotion: A Bio-Inspired, Multi-Axis, Composite Force Sensor Using Discrete Pressure Mapping	8	Meng Yee Chuah; Sangbae Kim	Sangbae Kim	2014		https://ieeexplore.ieee.org/document/6714415	TRUE	 @article{chuah2014enabling,   title={Enabling force sensing during ground locomotion: A bio-inspired, multi-axis, composite force sensor using discrete pressure mapping},   author={Chuah, Meng Yee and Kim, Sangbae},   journal={IEEE Sensors Journal},   volume={14},   number={5},   pages={1693--1703},   year={2014},   publisher={IEEE} }	Barometric	Barometric	FALSE			Vytaflex 10			1
	Flexible, stretchable tactile arrays from MEMS barometers	6	Leif P. Jentoft; Yaroslav Tenzer; Daniel Vogt; Jia Liu; Robert J. Wood; Robert D. Howe	Howe	2013	ICAR	https://ieeexplore.ieee.org/abstract/document/6766525	TRUE	@inproceedings{jentoft2013flexible,   title={Flexible, stretchable tactile arrays from MEMS barometers},   author={Jentoft, Leif P and Tenzer, Yaroslav and Vogt, Daniel and Liu, Jia and Wood, Robert J and Howe, Robert D},   booktitle={2013 16th International Conference on Advanced Robotics (ICAR)},   pages={1--6},   year={2013},   organization={IEEE} }	Barometric	Barometric	FALSE					making flexible array of barometers	1
	Tactile sensing for dexterous in-hand manipulation in robotics—A review	6	Hanna Yousef a , Mehdi Boukallel a , Kaspar Althoefer b		2011		https://www.sciencedirect.com/science/article/pii/S0924424711001105	FALSE	@article{yousef2011tactile,   title={Tactile sensing for dexterous in-hand manipulation in robotics—A review},   author={Yousef, Hanna and Boukallel, Mehdi and Althoefer, Kaspar},   journal={Sensors and Actuators A: physical},   volume={167},   number={2},   pages={171--187},   year={2011},   publisher={Elsevier} }	Multiple	No New Sensor	FALSE					Review	
	Tactile Sensing—From Humans to Humanoids	6	Ravinder S. Dahiya, Member, IEEE, Giorgio Metta, Maurizio Valle, Member, IEEE, and Giulio Sandini		2009	T-RO	https://ieeexplore.ieee.org/abstract/document/5339133	FALSE	@article{dahiya2009tactile,   title={Tactile sensing—from humans to humanoids},   author={Dahiya, Ravinder S and Metta, Giorgio and Valle, Maurizio and Sandini, Giulio},   journal={IEEE transactions on robotics},   volume={26},   number={1},   pages={1--20},   year={2009},   publisher={IEEE} }	Multiple	No New Sensor	FALSE					major review paper	
	An integrated MEMS three-dimensional tactile sensor with large force range	6	Tao Mei, Wen J. Li, Yu Ge, Yong Chen, Lin Ni, Ming Ho Chan		2000	Sensors and Actuators A: Physical	https://www.sciencedirect.com/science/article/pii/S0924424799002617?casa_token=5ivN_WPAV7UAAAAA:5PDsVgbwsjAWfksR3Jb0GoHFJWDecmQPe7qeEx-ATUzjCw2wG7SMHsROLyZ8gImDWSpE5eRP	FALSE		Magic	Magic	FALSE					Custom mems system with piezoresistors	
	Tactile sensing and control of robotic manipulation	6	Robert D. Howe		1993	Advanced Robotics	https://www.tandfonline.com/doi/abs/10.1163/156855394X00356?casa_token=CiLFPpsHu8wAAAAA:1N3QfXTJpr2HP1tDsYlh2IXcgW-ay-d08FznQy8EAUwlozJW7BZrOjyUbY0fi217PAcMIlXfGic	FALSE	@article{howe1993tactile,   title={Tactile sensing and control of robotic manipulation},   author={Howe, Robert D},   journal={Advanced Robotics},   volume={8},   number={3},   pages={245--261},   year={1993},   publisher={Taylor \& Francis} }	Multiple	No New Sensor	FALSE					Note: Shear force may not be needed if you have slip detection.  You can also back out contact location from jacobian	
	Implementation of behavioral control on a robot hand/arm system	6	David L. Brock & J. Kenneth Salisbury 		1993	Experimental Robotics II.	https://link.springer.com/chapter/10.1007/BFb0036135	FALSE	@inproceedings{brock2005implementation,   title={Implementation of behavioral control on a robot hand/arm system},   author={Brock, David L and Kenneth Salisbury, J},   booktitle={Experimental Robotics II: The 2nd International Symposium, Toulouse, France, June 25--27 1991},   pages={113--135},   year={2005},   organization={Springer} }	Misc	Misc	FALSE					Reflexive grasping (old paper)	
	A Survey of Robot Tactile Sensing Technology	10	Howard R. Nicholls and Mark H. Lee		1989	The International Journal of Robotics Research	https://journals.sagepub.com/doi/pdf/10.1177/027836498900800301	TRUE	@article{nicholls1989survey,   title={A survey of robot tactile sensing technology},   author={Nicholls, Howard R and Lee, Mark H},   journal={The International Journal of Robotics Research},   volume={8},   number={3},   pages={3--30},   year={1989},   publisher={Sage Publications Sage CA: Thousand Oaks, CA} }	Multiple	No New Sensor	FALSE					Blast from the past omg, seems like the hardware issues r similar but the data processing is a lot better now.  e.g. we can use normal neural networks.	
	Automated Tactile Sensing	8	Leon D. Harmon		1982	The International Journal of Robotics Research	https://journals.sagepub.com/doi/abs/10.1177/027836498200100201	FALSE	@article{harmon1982automated, author = {Leon D. Harmon}, title ={Automated Tactile Sensing},  journal = {The International Journal of Robotics Research}, volume = {1}, number = {2}, pages = {3-32}, year = {1982}, doi = {10.1177/027836498200100201},  URL = {          https://doi.org/10.1177/027836498200100201 }, eprint = {          https://doi.org/10.1177/027836498200100201 } }	Multiple	No New Sensor	FALSE						
Biotac	Haptic feature extraction from a biomimetic tactile sensor: Force contact location and curvature"	4	Nicholas Wettels; Gerald E. Loeb		2011	Haptic feature extraction from a biomimetic tactile sensor: Force, contact location and curvature 	https://ieeexplore.ieee.org/abstract/document/6181676	FALSE	@inproceedings{wettels2011haptic,   title={Haptic feature extraction from a biomimetic tactile sensor: force, contact location and curvature},   author={Wettels, Nicholas and Loeb, Gerald E},   booktitle={2011 IEEE international conference on robotics and biomimetics},   pages={2471--2478},   year={2011},   organization={IEEE} }	Misc	Misc	FALSE						
TakkTile	Inexpensive and Easily Customized Tactile Array Sensors using MEMS Barometers Chips	6	Yaroslav Tenzer, Leif P. Jentoft, Robert D. Howe	Howe	2012	IEEE Robotics & Automation Magazine	https://projects.iq.harvard.edu/files/sorotoolkit/files/2012_ytenzer_barometricsensors.pdf	FALSE	@article{tenzer2012inexpensive,   title={Inexpensive and easily customized tactile array sensors using MEMS barometers chips},   author={Tenzer, Yaroslav and Jentoft, Leif P and Howe, Robert D},   journal={IEEE R\&A Magazine},   volume={21},   number={c},   pages={2013},   year={2012} }	Barometric	Barometric	TRUE			Vytaflex 20	MPL115A2 	This is probably the first recognizable work that is similar to what we do.  Also mentions how bond wires can break when chips are decapped 	1
	A versatile tactile sensor system for covering large and curved surface areas	4	Michael Zillich; Wendelin Feiten		2012	IROS	https://ieeexplore.ieee.org/abstract/document/6385806	TRUE	@inproceedings{zillich2012versatile,   title={A versatile tactile sensor system for covering large and curved surface areas},   author={Zillich, Michael and Feiten, Wendelin},   booktitle={2012 IEEE/RSJ International Conference on Intelligent Robots and Systems},   pages={20--24},   year={2012},   organization={IEEE} }	Barometric	Barometric	FALSE				BMP 085	A little different than standard, they use a foam inside a rubber that uses air as to trigger the barometer.	1
	Composite force sensing foot utilizing volumetric displacement of a hyperelastic polymer	2	Meng Yee Chuah; Matthew Estrada; Sangbae Kim	Sangbae	2012	IROS	https://ieeexplore.ieee.org/abstract/document/6386239	FALSE	@inproceedings{chuah2012composite,   title={Composite force sensing foot utilizing volumetric displacement of a hyperelastic polymer},   author={Chuah, Meng Yee and Estrada, Matthew and Kim, Sangbae},   booktitle={2012 IEEE/RSJ International Conference on Intelligent Robots and Systems},   pages={1963--1969},   year={2012},   organization={IEEE} }	Magnetic	Magnetic	FALSE					Probably first sangbae sensor paper	
Sanctuary AI Sensor	Sanctuary AI New Tactile Sensors Enable Richer Sense of Touch	1			2024	Blog	https://www.sanctuary.ai/blog/sanctuary-ai-new-tactile-sensors-enable-richer-sense-of-touch	FALSE		Magic	Magic	TRUE					Unknown tech, looks very sensitive	
DenseTact	DenseTact: Optical Tactile Sensor for Dense Shape Reconstruction	4	Won Kyung Do, Monroe Kennedy III	Monroe	2022	ICRA	https://arxiv.org/pdf/2201.01367	FALSE	@inproceedings{do2022densetact,   title={Densetact: Optical tactile sensor for dense shape reconstruction},   author={Do, Won Kyung and Kennedy, Monroe},   booktitle={2022 International Conference on Robotics and Automation (ICRA)},   pages={6188--6194},   year={2022},   organization={IEEE} }	Visual	Visual	FALSE						
								FALSE				FALSE						
								FALSE				FALSE						
								FALSE				FALSE						
								FALSE				FALSE						
								FALSE				FALSE						
								FALSE				FALSE						
								FALSE				FALSE						
								FALSE				FALSE						
								FALSE				FALSE						
								FALSE				FALSE						
								FALSE				FALSE						
								FALSE				FALSE						
								FALSE				FALSE						
								FALSE				FALSE						
								FALSE				FALSE						
								FALSE				FALSE						
								FALSE				FALSE						
								FALSE				FALSE						
								FALSE				FALSE						
								FALSE				FALSE						
								FALSE				FALSE						
								FALSE				FALSE						
								FALSE				FALSE						
								FALSE				FALSE						
								FALSE				FALSE						
								FALSE				FALSE						
								FALSE				FALSE						
								FALSE				FALSE						
								FALSE				FALSE						
								FALSE				FALSE						
								FALSE				FALSE						
								FALSE				FALSE						
								FALSE				FALSE						
								FALSE				FALSE						
								FALSE				FALSE						
								FALSE				FALSE						
								FALSE				FALSE						
								FALSE				FALSE						
								FALSE				FALSE						
								FALSE				FALSE						
								FALSE				FALSE						
								FALSE				FALSE						
								FALSE				FALSE						
								FALSE				FALSE						
								FALSE				FALSE						
								FALSE				FALSE						
								FALSE				FALSE						
								FALSE				FALSE						
								FALSE				FALSE						
								FALSE				FALSE						
								FALSE				FALSE						
								FALSE				FALSE						
								FALSE				FALSE						
								FALSE				FALSE						
								FALSE				FALSE						
								FALSE				FALSE						
								FALSE				FALSE						
								FALSE				FALSE						
								FALSE				FALSE						
								FALSE				FALSE						
								FALSE				FALSE						
								FALSE				FALSE						
								FALSE				FALSE						
								FALSE				FALSE						
								FALSE				FALSE						
								FALSE				FALSE						
								FALSE				FALSE						
								FALSE				FALSE						
								FALSE				FALSE						
								FALSE				FALSE						
								FALSE				FALSE						
								FALSE				FALSE						
								FALSE				FALSE						
								FALSE				FALSE						
								FALSE				FALSE						
								FALSE				FALSE						
								FALSE				FALSE						
								FALSE				FALSE						
								FALSE				FALSE						
								FALSE				FALSE						
								FALSE				FALSE						
								FALSE				FALSE						
								FALSE				FALSE						
								FALSE				FALSE						
								FALSE				FALSE						
								FALSE				FALSE						
								FALSE				FALSE						
								FALSE				FALSE						
								FALSE				FALSE						
								FALSE				FALSE						
								FALSE				FALSE						
								FALSE				FALSE						
								FALSE				FALSE						
								FALSE				FALSE						
								FALSE				FALSE						
								FALSE				FALSE						
								FALSE				FALSE						
								FALSE				FALSE						
								FALSE				FALSE						
								FALSE				FALSE						
								FALSE				FALSE						
								FALSE				FALSE						
								FALSE				FALSE						
								FALSE				FALSE						
								FALSE				FALSE						
								FALSE				FALSE						
								FALSE				FALSE						
								FALSE				FALSE						
								FALSE				FALSE						
								FALSE				FALSE						
								FALSE				FALSE						
								FALSE				FALSE						
								FALSE				FALSE						
								FALSE				FALSE						
								FALSE				FALSE						
								FALSE				FALSE						
								FALSE				FALSE						
								FALSE				FALSE						
								FALSE				FALSE						
								FALSE				FALSE						
								FALSE				FALSE						
								FALSE				FALSE						
								FALSE				FALSE						
								FALSE				FALSE						
								FALSE				FALSE						
								FALSE				FALSE						
								FALSE				FALSE						
								FALSE				FALSE						
								FALSE				FALSE						
								FALSE				FALSE						
								FALSE				FALSE						
								FALSE				FALSE						
								FALSE				FALSE						
								FALSE				FALSE						
								FALSE				FALSE						
								FALSE				FALSE						
								FALSE				FALSE						
								FALSE				FALSE						
								FALSE				FALSE						
								FALSE				FALSE						
								FALSE				FALSE						
								FALSE				FALSE						
								FALSE				FALSE						
								FALSE				FALSE						
								FALSE				FALSE						
								FALSE				FALSE						
								FALSE				FALSE						
								FALSE				FALSE						
								FALSE				FALSE						
								FALSE				FALSE						
								FALSE				FALSE						
								FALSE				FALSE						
								FALSE				FALSE						
								FALSE				FALSE						
								FALSE				FALSE						
								FALSE				FALSE						
								FALSE				FALSE						
								FALSE				FALSE						
								FALSE				FALSE						
								FALSE				FALSE						
								FALSE				FALSE						
								FALSE				FALSE						
								FALSE				FALSE						
								FALSE				FALSE						
								FALSE				FALSE						
								FALSE				FALSE						
								FALSE				FALSE						
								FALSE				FALSE						
								FALSE				FALSE						
								FALSE				FALSE						
								FALSE				FALSE						
								FALSE				FALSE						
								FALSE				FALSE						
								FALSE				FALSE						
								FALSE				FALSE						
								FALSE				FALSE						
								FALSE				FALSE						
								FALSE				FALSE						
								FALSE				FALSE						
								FALSE				FALSE						
								FALSE				FALSE						
								FALSE				FALSE						
								FALSE				FALSE						
								FALSE				FALSE						
								FALSE				FALSE						
								FALSE				FALSE						
								FALSE				FALSE						
								FALSE				FALSE						
								FALSE				FALSE						
								FALSE				FALSE						
								FALSE				FALSE						
								FALSE				FALSE						
								FALSE				FALSE						
								FALSE				FALSE						
								FALSE				FALSE						
								FALSE				FALSE						
								FALSE				FALSE						
								FALSE				FALSE						
								FALSE				FALSE						
								FALSE				FALSE						
								FALSE				FALSE						
								FALSE				FALSE						
								FALSE				FALSE						
								FALSE				FALSE						
								FALSE				FALSE						
								FALSE				FALSE						
								FALSE				FALSE						
								FALSE				FALSE						
								FALSE				FALSE						
								FALSE				FALSE						
								FALSE				FALSE						
								FALSE				FALSE						
								FALSE				FALSE						
								FALSE				FALSE						
								FALSE				FALSE						
								FALSE				FALSE						
								FALSE				FALSE						
								FALSE				FALSE						
								FALSE				FALSE						
								FALSE				FALSE						
								FALSE				FALSE						
								FALSE				FALSE						
								FALSE				FALSE						
								FALSE				FALSE						
								FALSE				FALSE						
								FALSE				FALSE						
								FALSE				FALSE						
								FALSE				FALSE						
								FALSE				FALSE						
								FALSE				FALSE						
								FALSE				FALSE						
								FALSE				FALSE						
								FALSE				FALSE						
								FALSE				FALSE						
								FALSE				FALSE						
								FALSE				FALSE						
								FALSE				FALSE						
								FALSE				FALSE						
								FALSE				FALSE						
								FALSE				FALSE						
								FALSE				FALSE						
								FALSE				FALSE						
								FALSE				FALSE						
								FALSE				FALSE						
								FALSE				FALSE						
								FALSE				FALSE						
								FALSE				FALSE						
								FALSE				FALSE						
								FALSE				FALSE						
								FALSE				FALSE						
								FALSE				FALSE						
								FALSE				FALSE						
								FALSE				FALSE						
								FALSE				FALSE						
								FALSE				FALSE						
								FALSE				FALSE						
								FALSE				FALSE						
								FALSE				FALSE						
								FALSE				FALSE						
								FALSE				FALSE						
								FALSE				FALSE						
								FALSE				FALSE						
								FALSE				FALSE						
								FALSE				FALSE						
								FALSE				FALSE						
								FALSE				FALSE						
								FALSE				FALSE						
								FALSE				FALSE						
								FALSE				FALSE						
								FALSE				FALSE						
								FALSE				FALSE						
								FALSE				FALSE						
								FALSE				FALSE						
								FALSE				FALSE						
								FALSE				FALSE						
								FALSE				FALSE						
								FALSE				FALSE						
								FALSE				FALSE						
								FALSE				FALSE						
								FALSE				FALSE						
								FALSE				FALSE						
								FALSE				FALSE						
								FALSE				FALSE						
								FALSE				FALSE						
								FALSE				FALSE						
								FALSE				FALSE						
								FALSE				FALSE						
								FALSE				FALSE						
								FALSE				FALSE						
								FALSE				FALSE						
								FALSE				FALSE						
								FALSE				FALSE						
								FALSE				FALSE						
								FALSE				FALSE						
								FALSE				FALSE						
								FALSE				FALSE						
								FALSE				FALSE						
								FALSE				FALSE						
								FALSE				FALSE						
								FALSE				FALSE						
								FALSE				FALSE						
								FALSE				FALSE						
								FALSE				FALSE						
								FALSE				FALSE						
								FALSE				FALSE						
								FALSE				FALSE						
								FALSE				FALSE						
								FALSE				FALSE						
								FALSE				FALSE						
								FALSE				FALSE						
								FALSE				FALSE						
								FALSE				FALSE						
								FALSE				FALSE						
								FALSE				FALSE						
								FALSE				FALSE						
								FALSE				FALSE						
								FALSE				FALSE						
								FALSE				FALSE						
								FALSE				FALSE						
								FALSE				FALSE						
								FALSE				FALSE						
								FALSE				FALSE						
								FALSE				FALSE						
								FALSE				FALSE						
								FALSE				FALSE						
								FALSE				FALSE						
								FALSE				FALSE						
								FALSE				FALSE						
								FALSE				FALSE						
								FALSE				FALSE						
								FALSE				FALSE						
								FALSE				FALSE						
								FALSE				FALSE						
								FALSE				FALSE						
								FALSE				FALSE						
								FALSE				FALSE						
								FALSE				FALSE						
								FALSE				FALSE						
								FALSE				FALSE						
								FALSE				FALSE						
								FALSE				FALSE						
								FALSE				FALSE						
								FALSE				FALSE						
								FALSE				FALSE						
								FALSE				FALSE						
								FALSE				FALSE						
								FALSE				FALSE						
								FALSE				FALSE						
								FALSE				FALSE						
								FALSE				FALSE						
								FALSE				FALSE						
								FALSE				FALSE						
								FALSE				FALSE						
								FALSE				FALSE						
								FALSE				FALSE						
								FALSE				FALSE						
								FALSE				FALSE						
								FALSE				FALSE						
								FALSE				FALSE						
								FALSE				FALSE						
								FALSE				FALSE						
								FALSE				FALSE						
								FALSE				FALSE						
								FALSE				FALSE						
								FALSE				FALSE						
								FALSE				FALSE						
								FALSE				FALSE						
								FALSE				FALSE						
								FALSE				FALSE						
								FALSE				FALSE						
								FALSE				FALSE						
								FALSE				FALSE						
								FALSE				FALSE						
								FALSE				FALSE						
								FALSE				FALSE						
								FALSE				FALSE						
								FALSE				FALSE						
								FALSE				FALSE						
								FALSE				FALSE						
								FALSE				FALSE						
								FALSE				FALSE						
								FALSE				FALSE						
								FALSE				FALSE						
								FALSE				FALSE						
								FALSE				FALSE						
								FALSE				FALSE						
								FALSE				FALSE						
								FALSE				FALSE						
								FALSE				FALSE						
								FALSE				FALSE						
								FALSE				FALSE						
								FALSE				FALSE						
								FALSE				FALSE						
								FALSE				FALSE						
								FALSE				FALSE						
								FALSE				FALSE						
								FALSE				FALSE						
								FALSE				FALSE						
								FALSE				FALSE						
								FALSE				FALSE						
								FALSE				FALSE						
								FALSE				FALSE						
								FALSE				FALSE						
								FALSE				FALSE						
								FALSE				FALSE						
								FALSE				FALSE						
								FALSE				FALSE						
								FALSE				FALSE						
								FALSE				FALSE						
								FALSE				FALSE						
								FALSE				FALSE						
								FALSE				FALSE						
								FALSE				FALSE						
								FALSE				FALSE						
								FALSE				FALSE						
								FALSE				FALSE						
								FALSE				FALSE						
								FALSE				FALSE						
								FALSE				FALSE						
								FALSE				FALSE						
								FALSE				FALSE						
								FALSE				FALSE						
								FALSE				FALSE						
								FALSE				FALSE						
								FALSE				FALSE						
								FALSE				FALSE						
								FALSE				FALSE						
								FALSE				FALSE						
								FALSE				FALSE						
								FALSE				FALSE						
								FALSE				FALSE						
								FALSE				FALSE						
								FALSE				FALSE						
								FALSE				FALSE						
								FALSE				FALSE						
								FALSE				FALSE						
								FALSE				FALSE						
								FALSE				FALSE						
								FALSE				FALSE						
								FALSE				FALSE						
								FALSE				FALSE						
								FALSE				FALSE						
								FALSE				FALSE						
								FALSE				FALSE						
								FALSE				FALSE						
								FALSE				FALSE						
								FALSE				FALSE						
								FALSE				FALSE						
								FALSE				FALSE						
								FALSE				FALSE						
								FALSE				FALSE						
								FALSE				FALSE						
								FALSE				FALSE						
								FALSE				FALSE						
								FALSE				FALSE						
								FALSE				FALSE						
								FALSE				FALSE						
								FALSE				FALSE						
								FALSE				FALSE						
								FALSE				FALSE						
								FALSE				FALSE						
								FALSE				FALSE						
								FALSE				FALSE						
								FALSE				FALSE						
								FALSE				FALSE						
								FALSE				FALSE						
								FALSE				FALSE						
								FALSE				FALSE						
								FALSE				FALSE						
								FALSE				FALSE						
								FALSE				FALSE						
								FALSE				FALSE						
								FALSE				FALSE						
								FALSE				FALSE						
								FALSE				FALSE						
								FALSE				FALSE						
								FALSE				FALSE						
								FALSE				FALSE						
								FALSE				FALSE						
								FALSE				FALSE						
								FALSE				FALSE						
								FALSE				FALSE						
								FALSE				FALSE						
								FALSE				FALSE						
								FALSE				FALSE						
								FALSE				FALSE						
								FALSE				FALSE						
								FALSE				FALSE						
								FALSE				FALSE						
								FALSE				FALSE						
								FALSE				FALSE						
								FALSE				FALSE						
								FALSE				FALSE						
								FALSE				FALSE						
								FALSE				FALSE						
								FALSE				FALSE						
								FALSE				FALSE						
								FALSE				FALSE						
								FALSE				FALSE						
								FALSE				FALSE						
								FALSE				FALSE						
								FALSE				FALSE						
								FALSE				FALSE						
								FALSE				FALSE						
								FALSE				FALSE						
								FALSE				FALSE						
								FALSE				FALSE						
								FALSE				FALSE						
								FALSE				FALSE						
								FALSE				FALSE						
								FALSE				FALSE						
								FALSE				FALSE						
								FALSE				FALSE						
								FALSE				FALSE						
								FALSE				FALSE						
								FALSE				FALSE						
								FALSE				FALSE						
								FALSE				FALSE						
								FALSE				FALSE						
								FALSE				FALSE						
								FALSE				FALSE						
								FALSE				FALSE						
								FALSE				FALSE						
								FALSE				FALSE						
								FALSE				FALSE						
								FALSE				FALSE						
								FALSE				FALSE						
								FALSE				FALSE						
								FALSE				FALSE						
								FALSE				FALSE						
								FALSE				FALSE						
								FALSE				FALSE						
								FALSE				FALSE						
								FALSE				FALSE						
								FALSE				FALSE						
								FALSE				FALSE						
								FALSE				FALSE						
								FALSE				FALSE						
								FALSE				FALSE						
								FALSE				FALSE						
								FALSE				FALSE						
								FALSE				FALSE						
								FALSE				FALSE						
								FALSE				FALSE						
								FALSE				FALSE						
								FALSE				FALSE						
								FALSE				FALSE						
								FALSE				FALSE						
								FALSE				FALSE						
								FALSE				FALSE						
								FALSE				FALSE						
								FALSE				FALSE						
								FALSE				FALSE						
								FALSE				FALSE						
								FALSE				FALSE						
								FALSE				FALSE						
								FALSE				FALSE						
								FALSE				FALSE						
								FALSE				FALSE						
								FALSE				FALSE						
								FALSE				FALSE						
								FALSE				FALSE						
								FALSE				FALSE						
								FALSE				FALSE						
								FALSE				FALSE						
								FALSE				FALSE						
								FALSE				FALSE						
								FALSE				FALSE						
								FALSE				FALSE						
								FALSE				FALSE						
								FALSE				FALSE						
								FALSE				FALSE						
								FALSE				FALSE						
								FALSE				FALSE						
								FALSE				FALSE						
								FALSE				FALSE						
								FALSE				FALSE						
								FALSE				FALSE						
								FALSE				FALSE						
								FALSE				FALSE						
								FALSE				FALSE						
								FALSE				FALSE						
								FALSE				FALSE						
								FALSE				FALSE						
								FALSE				FALSE						
								FALSE				FALSE						
								FALSE				FALSE						
								FALSE				FALSE						
								FALSE				FALSE						
								FALSE				FALSE						
								FALSE				FALSE						
								FALSE				FALSE						
								FALSE				FALSE						
								FALSE				FALSE						
								FALSE				FALSE						
								FALSE				FALSE						
								FALSE				FALSE						
								FALSE				FALSE						
								FALSE				FALSE						
								FALSE				FALSE						
								FALSE				FALSE						
								FALSE				FALSE						
								FALSE				FALSE						
								FALSE				FALSE						
								FALSE				FALSE						
								FALSE				FALSE						
								FALSE				FALSE						
								FALSE				FALSE						
								FALSE				FALSE						
								FALSE				FALSE						
								FALSE				FALSE						
								FALSE				FALSE						
								FALSE				FALSE						
								FALSE				FALSE						
								FALSE				FALSE						
								FALSE				FALSE						
								FALSE				FALSE						
								FALSE				FALSE						
								FALSE				FALSE						
								FALSE				FALSE						
								FALSE				FALSE						
								FALSE				FALSE						
								FALSE				FALSE						
								FALSE				FALSE						
								FALSE				FALSE						
								FALSE				FALSE						
								FALSE				FALSE						
								FALSE				FALSE						
								FALSE				FALSE						
								FALSE				FALSE						
								FALSE				FALSE						
								FALSE				FALSE						
								FALSE				FALSE						
								FALSE				FALSE						
								FALSE				FALSE						
								FALSE				FALSE						
								FALSE				FALSE						
								FALSE				FALSE						
								FALSE				FALSE						
								FALSE				FALSE						
								FALSE				FALSE						
								FALSE				FALSE						
								FALSE				FALSE						
								FALSE				FALSE						
								FALSE				FALSE						
								FALSE				FALSE						
								FALSE				FALSE						
								FALSE				FALSE						
								FALSE				FALSE						
								FALSE				FALSE						
								FALSE				FALSE						
								FALSE				FALSE						
								FALSE				FALSE						
								FALSE				FALSE						
								FALSE				FALSE						
								FALSE				FALSE						
								FALSE				FALSE						
								FALSE				FALSE						
								FALSE				FALSE						
								FALSE				FALSE						
								FALSE				FALSE						
								FALSE				FALSE						
								FALSE				FALSE						
								FALSE				FALSE						
								FALSE				FALSE						
								FALSE				FALSE						
								FALSE				FALSE						
								FALSE				FALSE						
								FALSE				FALSE						
								FALSE				FALSE						
								FALSE				FALSE						
								FALSE				FALSE						
								FALSE				FALSE						
								FALSE				FALSE						
								FALSE				FALSE						
								FALSE				FALSE						
								FALSE				FALSE						
								FALSE				FALSE						
								FALSE				FALSE						
								FALSE				FALSE						
								FALSE				FALSE						
								FALSE				FALSE						
								FALSE				FALSE						
								FALSE				FALSE						
								FALSE				FALSE						
								FALSE				FALSE						
								FALSE				FALSE						
								FALSE				FALSE						
								FALSE				FALSE						
								FALSE				FALSE						
								FALSE				FALSE						
								FALSE				FALSE						
								FALSE				FALSE						
								FALSE				FALSE						
								FALSE				FALSE						
								FALSE				FALSE						
								FALSE				FALSE						
								FALSE				FALSE						
								FALSE				FALSE						
								FALSE				FALSE						
								FALSE				FALSE						
								FALSE				FALSE						
								FALSE				FALSE						
								FALSE				FALSE						
								FALSE				FALSE						
								FALSE				FALSE						
								FALSE				FALSE						
								FALSE				FALSE						
								FALSE				FALSE						
								FALSE				FALSE						
								FALSE				FALSE						
								FALSE				FALSE						
								FALSE				FALSE						
								FALSE				FALSE						
								FALSE				FALSE						
								FALSE				FALSE						
								FALSE				FALSE						
								FALSE				FALSE						
								FALSE				FALSE						
								FALSE				FALSE						
								FALSE				FALSE						
								FALSE				FALSE						
								FALSE				FALSE						
								FALSE				FALSE						
								FALSE				FALSE						
								FALSE				FALSE						
								FALSE				FALSE						
								FALSE				FALSE						
								FALSE				FALSE						
								FALSE				FALSE						
								FALSE				FALSE						
								FALSE				FALSE						
								FALSE				FALSE						
								FALSE				FALSE						
								FALSE				FALSE						
								FALSE				FALSE						
								FALSE				FALSE						
								FALSE				FALSE						
								FALSE				FALSE						
								FALSE				FALSE						
								FALSE				FALSE						
								FALSE				FALSE						
								FALSE				FALSE						
								FALSE				FALSE						
								FALSE				FALSE						
								FALSE				FALSE						
								FALSE				FALSE						
								FALSE				FALSE						
								FALSE				FALSE						
								FALSE				FALSE						
								FALSE				FALSE						
								FALSE				FALSE						
								FALSE				FALSE						
								FALSE				FALSE						
								FALSE				FALSE						
								FALSE				FALSE						
								FALSE				FALSE						
								FALSE				FALSE						
								FALSE				FALSE						
								FALSE				FALSE						
								FALSE				FALSE						
								FALSE				FALSE						
								FALSE				FALSE						
								FALSE				FALSE						
								FALSE				FALSE						
								FALSE				FALSE						
								FALSE				FALSE						
								FALSE				FALSE						
								FALSE				FALSE						
								FALSE				FALSE						
								FALSE				FALSE						
								FALSE				FALSE						
								FALSE				FALSE						
								FALSE				FALSE						
								FALSE				FALSE						
								FALSE				FALSE						
								FALSE				FALSE						
								FALSE				FALSE						
								FALSE				FALSE						
								FALSE				FALSE						
								FALSE				FALSE						
								FALSE				FALSE						
								FALSE				FALSE						
								FALSE				FALSE						
								FALSE				FALSE						
								FALSE				FALSE						
								FALSE				FALSE						
								FALSE				FALSE						
								FALSE				FALSE						
								FALSE				FALSE						
								FALSE				FALSE						
								FALSE				FALSE						
								FALSE				FALSE						
								FALSE				FALSE						
								FALSE				FALSE						
								FALSE				FALSE						
								FALSE				FALSE						
								FALSE				FALSE						
								FALSE				FALSE						
								FALSE				FALSE						
								FALSE				FALSE						
								FALSE				FALSE						
								FALSE				FALSE						
								FALSE				FALSE						
								FALSE				FALSE						
								FALSE				FALSE						
								FALSE				FALSE						
								FALSE				FALSE						
								FALSE				FALSE						
								FALSE				FALSE						
								FALSE				FALSE						
								FALSE				FALSE						
								FALSE				FALSE						
								FALSE				FALSE						
								FALSE				FALSE						
								FALSE				FALSE						
								FALSE				FALSE						
								FALSE				FALSE						
								FALSE				FALSE						
								FALSE				FALSE						
								FALSE				FALSE						
								FALSE				FALSE						
								FALSE				FALSE						
								FALSE				FALSE						
								FALSE				FALSE						
								FALSE				FALSE						
								FALSE				FALSE						
								FALSE				FALSE						
								FALSE				FALSE						
								FALSE				FALSE						
								FALSE				FALSE						
								FALSE				FALSE						
								FALSE				FALSE						
								FALSE				FALSE						
								FALSE				FALSE						
								FALSE				FALSE						
								FALSE				FALSE						
								FALSE				FALSE						
								FALSE				FALSE						
								FALSE				FALSE						
								FALSE				FALSE						
								FALSE				FALSE						
								FALSE				FALSE						
								FALSE				FALSE						
								FALSE				FALSE						
								FALSE				FALSE						
								FALSE				FALSE						
								FALSE				FALSE						
								FALSE				FALSE						
								FALSE				FALSE						
								FALSE				FALSE						
								FALSE				FALSE						
								FALSE				FALSE						
								FALSE				FALSE						
								FALSE				FALSE						
								FALSE				FALSE						
								FALSE				FALSE						
								FALSE				FALSE						
								FALSE				FALSE						
								FALSE				FALSE						
								FALSE				FALSE						
								FALSE				FALSE						
								FALSE				FALSE						
								FALSE				FALSE						
								FALSE				FALSE						
								FALSE				FALSE						
								FALSE				FALSE						
								FALSE				FALSE						
								FALSE				FALSE						
								FALSE				FALSE						
								FALSE				FALSE						
								FALSE				FALSE						
								FALSE				FALSE						
								FALSE				FALSE						
								FALSE				FALSE						
								FALSE				FALSE						
								FALSE				FALSE						
								FALSE				FALSE						
								FALSE				FALSE						
								FALSE				FALSE						
								FALSE				FALSE						
								FALSE				FALSE						
								FALSE				FALSE						
								FALSE				FALSE						
								FALSE				FALSE						
								FALSE				FALSE						
								FALSE				FALSE						
								FALSE				FALSE						
								FALSE				FALSE						
								FALSE				FALSE						
								FALSE				FALSE						
								FALSE				FALSE						
								FALSE				FALSE						
								FALSE				FALSE						
								FALSE				FALSE						
								FALSE				FALSE						
								FALSE				FALSE						
								FALSE				FALSE						
								FALSE				FALSE						
								FALSE				FALSE						
								FALSE				FALSE						
								FALSE				FALSE						
								FALSE				FALSE						
								FALSE				FALSE						
								FALSE				FALSE						
								FALSE				FALSE						
								FALSE				FALSE						
								FALSE				FALSE						
								FALSE				FALSE						
								FALSE				FALSE						
								FALSE				FALSE						
								FALSE				FALSE						
								FALSE				FALSE						
								FALSE				FALSE						
								FALSE				FALSE						
								FALSE				FALSE						
								FALSE				FALSE						
								FALSE				FALSE						
								FALSE				FALSE						
								FALSE				FALSE						
								FALSE				FALSE						
								FALSE				FALSE						
								FALSE				FALSE						
								FALSE				FALSE						
								FALSE				FALSE						
								FALSE				FALSE						
								FALSE				FALSE						
								FALSE				FALSE						
								FALSE				FALSE						
								FALSE				FALSE						
								FALSE				FALSE						
								FALSE				FALSE						
								FALSE				FALSE						
								FALSE				FALSE						
								FALSE				FALSE						
								FALSE				FALSE						
								FALSE				FALSE						
								FALSE				FALSE						
								FALSE				FALSE						
								FALSE				FALSE						
								FALSE				FALSE						
								FALSE				FALSE						
								FALSE				FALSE						
								FALSE				FALSE						
								FALSE				FALSE						
								FALSE				FALSE						
								FALSE				FALSE						
								FALSE				FALSE						
								FALSE				FALSE						
								FALSE				FALSE						
								FALSE				FALSE						
								FALSE				FALSE						
								FALSE				FALSE						
								FALSE				FALSE						